{
    "accuracy:": 0.7103658536585366,
    "precision:": 0.7164179104477612,
    "recall_score:": 0.3870967741935484,
    "f1_score:": 0.5026178010471204
}
